exchange_rates,dates
3.5496,2002-01-02
3.5699,2002-01-03
3.5346,2002-01-04
3.5032,2002-01-07
3.5015,2002-01-08
3.5417,2002-01-09
3.5376,2002-01-10
3.6152,2002-01-11
3.5838,2002-01-14
3.5982,2002-01-15
3.5998,2002-01-16
3.6308,2002-01-17
3.688,2002-01-18
3.6628,2002-01-21
3.642,2002-01-22
3.6436,2002-01-23
3.6259,2002-01-24
3.6394,2002-01-25
3.5913,2002-01-28
3.5929,2002-02-01
3.6336,2002-02-04
3.6422,2002-02-05
3.6451,2002-02-06
3.6974,2002-02-07
3.6868,2002-02-08
3.6564,2002-02-11
3.6657,2002-02-12
3.6439,2002-02-13
3.6613,2002-02-14
3.6432,2002-02-15
3.6224,2002-02-18
3.5989,2002-02-19
3.6431,2002-02-20
3.634,2002-02-21
3.6291,2002-02-22
3.6442,2002-02-25
3.6471,2002-02-26
3.6261,2002-02-27
3.641,2002-02-28
3.674,2002-03-01
3.621,2002-03-04
3.6215,2002-03-05
3.6134,2002-03-06
3.6357,2002-03-07
3.6564,2002-03-08
3.6248,2002-03-11
3.6191,2002-03-12
3.6407,2002-03-13
3.6532,2002-03-14
3.6352,2002-03-15
3.6187,2002-03-18
3.6225,2002-03-19
3.619,2002-03-20
3.6285,2002-03-21
3.6163,2002-03-22
3.6223,2002-03-25
3.6215,2002-03-26
3.6077,2002-03-27
3.5897,2002-03-28
3.6106,2002-04-02
3.595,2002-04-03
3.6006,2002-04-04
3.6009,2002-04-05
3.5839,2002-04-08
3.5886,2002-04-09
3.6003,2002-04-10
3.5991,2002-04-11
3.5756,2002-04-12
3.5786,2002-04-15
3.5754,2002-04-16
3.5977,2002-04-17
3.595,2002-04-18
3.5913,2002-04-19
3.5945,2002-04-22
3.582,2002-04-23
3.5966,2002-04-24
3.612,2002-04-25
3.6122,2002-04-26
3.5998,2002-05-02
3.641,2002-05-06
3.6282,2002-05-07
3.6263,2002-05-08
3.6363,2002-05-09
3.6538,2002-05-10
3.6746,2002-05-13
3.7222,2002-05-14
3.668,2002-05-15
3.7404,2002-05-16
3.765,2002-05-17
3.7766,2002-05-20
3.7577,2002-05-21
3.7845,2002-05-22
3.7904,2002-05-23
3.7571,2002-05-24
3.7514,2002-05-27
3.7555,2002-05-28
3.7499,2002-06-03
3.7903,2002-06-04
3.7705,2002-06-05
3.7665,2002-06-06
3.7854,2002-06-07
3.799,2002-06-10
3.8102,2002-06-11
3.8235,2002-06-12
3.7884,2002-06-13
3.8019,2002-06-14
3.8155,2002-06-17
3.8323,2002-06-18
3.836,2002-06-19
3.8652,2002-06-20
3.8808,2002-06-21
3.9371,2002-06-24
3.9085,2002-06-25
3.9568,2002-06-26
3.9838,2002-06-27
4.0091,2002-06-28
4.0217,2002-07-01
3.9314,2002-07-02
4.0291,2002-07-03
4.0122,2002-07-04
4.0523,2002-07-05
4.0778,2002-07-08
4.1805,2002-07-09
4.1513,2002-07-10
4.1165,2002-07-11
4.1282,2002-07-12
4.1542,2002-07-15
4.2116,2002-07-16
4.1508,2002-07-17
4.1056,2002-07-18
4.1026,2002-07-19
4.0615,2002-07-22
4.0352,2002-07-23
4.0678,2002-07-24
4.074,2002-07-25
4.0934,2002-07-26
4.0683,2002-08-01
4.1554,2002-08-02
4.1028,2002-08-05
4.0536,2002-08-06
4.0707,2002-08-07
4.0537,2002-08-08
4.0707,2002-08-09
4.0699,2002-08-12
4.0852,2002-08-13
4.1078,2002-08-14
4.0923,2002-08-16
4.096,2002-08-19
4.068,2002-08-20
4.0551,2002-08-21
4.0957,2002-08-22
4.0629,2002-08-23
4.058,2002-08-26
4.0635,2002-08-27
4.09,2002-08-28
4.052,2002-09-02
4.0813,2002-09-03
4.0875,2002-09-04
4.1309,2002-09-05
4.1324,2002-09-06
4.0827,2002-09-09
4.0571,2002-09-10
4.0521,2002-09-11
4.0613,2002-09-12
4.0825,2002-09-13
4.0664,2002-09-16
4.0265,2002-09-17
4.0583,2002-09-18
4.0544,2002-09-19
4.0627,2002-09-20
4.0706,2002-09-23
4.0557,2002-09-24
4.0604,2002-09-25
4.0471,2002-09-26
4.0594,2002-09-27
4.0915,2002-10-01
4.0692,2002-10-02
4.0963,2002-10-03
4.0885,2002-10-04
4.0763,2002-10-07
4.0823,2002-10-08
4.0854,2002-10-09
4.1016,2002-10-10
4.0685,2002-10-11
4.0688,2002-10-14
4.0535,2002-10-15
4.0572,2002-10-16
4.0679,2002-10-17
4.052,2002-10-18
4.0396,2002-10-21
4.0262,2002-10-22
4.0268,2002-10-23
3.9867,2002-10-24
3.9843,2002-10-25
3.953,2002-10-28
3.9763,2002-11-04
3.9856,2002-11-05
3.9665,2002-11-06
3.9571,2002-11-07
3.9739,2002-11-08
3.961,2002-11-12
3.9585,2002-11-13
3.9662,2002-11-14
3.9498,2002-11-15
3.9523,2002-11-18
3.9274,2002-11-19
3.9295,2002-11-20
3.9501,2002-11-21
3.9427,2002-11-22
3.9239,2002-11-25
3.9515,2002-11-26
3.9439,2002-11-27
3.9578,2002-11-28
3.9723,2002-12-02
3.966,2002-12-03
3.9868,2002-12-04
3.9875,2002-12-05
3.9945,2002-12-06
4.0031,2002-12-09
3.9873,2002-12-10
3.9733,2002-12-11
3.9647,2002-12-12
3.9843,2002-12-13
3.9625,2002-12-16
3.9971,2002-12-17
4.0028,2002-12-18
3.995,2002-12-19
3.9828,2002-12-20
3.9856,2002-12-23
3.9812,2002-12-24
4.0003,2002-12-27
4.0095,2003-01-02
3.9773,2003-01-03
3.9987,2003-01-06
3.9891,2003-01-07
4.0,2003-01-08
4.0284,2003-01-09
4.02,2003-01-10
4.0167,2003-01-13
4.0273,2003-01-14
4.0139,2003-01-15
4.0071,2003-01-16
4.0608,2003-01-17
4.0643,2003-01-20
4.0667,2003-01-21
4.1373,2003-01-22
4.2413,2003-01-23
4.1681,2003-01-24
4.1865,2003-01-27
4.1563,2003-01-28
4.106,2003-02-03
4.1486,2003-02-04
4.1718,2003-02-05
4.1668,2003-02-06
4.1489,2003-02-07
4.1681,2003-02-10
4.1332,2003-02-11
4.1425,2003-02-12
4.1556,2003-02-13
4.1705,2003-02-14
4.1453,2003-02-17
4.1422,2003-02-18
4.1496,2003-02-19
4.1874,2003-02-20
4.2036,2003-02-21
4.1849,2003-02-24
4.1937,2003-02-25
4.1793,2003-02-26
4.1965,2003-02-27
4.2083,2003-02-28
4.2741,2003-03-03
4.3126,2003-03-04
4.3133,2003-03-05
4.2813,2003-03-06
4.2977,2003-03-07
4.3412,2003-03-10
4.3653,2003-03-11
4.3693,2003-03-12
4.398,2003-03-13
4.3077,2003-03-14
4.3504,2003-03-17
4.3138,2003-03-18
4.3283,2003-03-19
4.3124,2003-03-20
4.3091,2003-03-21
4.3346,2003-03-24
4.3518,2003-03-25
4.3286,2003-03-26
4.3542,2003-03-27
4.3701,2003-03-28
4.4518,2003-04-01
4.4158,2003-04-02
4.3632,2003-04-03
4.3648,2003-04-04
4.3231,2003-04-07
4.3428,2003-04-08
4.2981,2003-04-09
4.2581,2003-04-10
4.2703,2003-04-11
4.2398,2003-04-14
4.2453,2003-04-15
4.2933,2003-04-16
4.2767,2003-04-17
4.2631,2003-04-18
4.2735,2003-04-22
4.2635,2003-04-23
4.293,2003-04-24
4.2769,2003-04-25
4.2735,2003-04-28
4.2626,2003-05-02
4.2465,2003-05-05
4.2613,2003-05-06
4.313,2003-05-07
4.2953,2003-05-08
4.3351,2003-05-09
4.34,2003-05-12
4.327,2003-05-13
4.3203,2003-05-14
4.33,2003-05-15
4.3129,2003-05-16
4.3448,2003-05-19
4.3226,2003-05-20
4.3809,2003-05-21
4.3254,2003-05-22
4.3508,2003-05-23
4.346,2003-05-26
4.3668,2003-05-27
4.3573,2003-05-28
4.384,2003-06-02
4.4137,2003-06-03
4.4428,2003-06-04
4.4604,2003-06-05
4.4369,2003-06-06
4.3927,2003-06-09
4.4371,2003-06-10
4.439,2003-06-11
4.4527,2003-06-12
4.4418,2003-06-13
4.4257,2003-06-16
4.4098,2003-06-17
4.379,2003-06-18
4.4334,2003-06-20
4.4167,2003-06-23
4.4728,2003-06-24
4.4667,2003-06-25
4.4579,2003-06-26
4.4896,2003-06-27
4.443,2003-07-01
4.4267,2003-07-02
4.437,2003-07-03
4.4649,2003-07-04
4.4411,2003-07-07
4.4368,2003-07-08
4.456,2003-07-09
4.4529,2003-07-10
4.4498,2003-07-11
4.4402,2003-07-14
4.4443,2003-07-15
4.4397,2003-07-16
4.4885,2003-07-17
4.4745,2003-07-18
4.4733,2003-07-21
4.4518,2003-07-22
4.4591,2003-07-23
4.4191,2003-07-24
4.4175,2003-07-25
4.4258,2003-07-28
4.3521,2003-08-01
4.3786,2003-08-04
4.3628,2003-08-05
4.381,2003-08-06
4.371,2003-08-07
4.363,2003-08-08
4.364,2003-08-11
4.3698,2003-08-12
4.3721,2003-08-13
4.3852,2003-08-14
4.3701,2003-08-18
4.3676,2003-08-19
4.3717,2003-08-20
4.353,2003-08-21
4.3684,2003-08-22
4.3643,2003-08-25
4.3645,2003-08-26
4.3614,2003-08-27
4.351,2003-08-28
4.3603,2003-09-01
4.3508,2003-09-02
4.3617,2003-09-03
4.3623,2003-09-04
4.409,2003-09-05
4.4315,2003-09-08
4.4278,2003-09-09
4.4392,2003-09-10
4.4334,2003-09-11
4.4357,2003-09-12
4.4403,2003-09-15
4.4766,2003-09-16
4.5148,2003-09-17
4.5326,2003-09-18
4.4995,2003-09-19
4.518,2003-09-22
4.4976,2003-09-23
4.4918,2003-09-24
4.5067,2003-09-25
4.5451,2003-09-26
4.5685,2003-10-01
4.5733,2003-10-02
4.5467,2003-10-03
4.5372,2003-10-06
4.5624,2003-10-07
4.5523,2003-10-08
4.5108,2003-10-09
4.5343,2003-10-10
4.5084,2003-10-13
4.5258,2003-10-14
4.5592,2003-10-15
4.6057,2003-10-16
4.6021,2003-10-17
4.6156,2003-10-20
4.5913,2003-10-21
4.6127,2003-10-22
4.6469,2003-10-23
4.6487,2003-10-24
4.6595,2003-10-27
4.6577,2003-10-28
4.6566,2003-11-03
4.6249,2003-11-04
4.5812,2003-11-05
4.6068,2003-11-06
4.5835,2003-11-07
4.5873,2003-11-10
4.5892,2003-11-12
4.5832,2003-11-13
4.5726,2003-11-14
4.5748,2003-11-17
4.5869,2003-11-18
4.6143,2003-11-19
4.6223,2003-11-20
4.6514,2003-11-21
4.6516,2003-11-24
4.6468,2003-11-25
4.6568,2003-11-26
4.6662,2003-11-27
4.7127,2003-11-28
4.6494,2003-12-01
4.6692,2003-12-02
4.6636,2003-12-03
4.6337,2003-12-04
4.6318,2003-12-05
4.6518,2003-12-08
4.6708,2003-12-09
4.6529,2003-12-10
4.6465,2003-12-11
4.6573,2003-12-12
4.6565,2003-12-15
4.6344,2003-12-16
4.635,2003-12-17
4.6566,2003-12-18
4.6479,2003-12-19
4.6477,2003-12-22
4.6483,2003-12-23
4.656,2003-12-24
4.7089,2004-01-02
4.6904,2004-01-05
4.6704,2004-01-06
4.6808,2004-01-07
4.6634,2004-01-08
4.6913,2004-01-09
4.6977,2004-01-12
4.7053,2004-01-13
4.7335,2004-01-14
4.7339,2004-01-15
4.7247,2004-01-16
4.7157,2004-01-19
4.7358,2004-01-20
4.7255,2004-01-21
4.7089,2004-01-22
4.6925,2004-01-23
4.7004,2004-01-26
4.7226,2004-01-27
4.7364,2004-01-28
4.7743,2004-02-02
4.8112,2004-02-03
4.7807,2004-02-04
4.8257,2004-02-05
4.8441,2004-02-06
4.8475,2004-02-09
4.8298,2004-02-10
4.8538,2004-02-11
4.8468,2004-02-12
4.8628,2004-02-13
4.8542,2004-02-16
4.8663,2004-02-17
4.884,2004-02-18
4.8876,2004-02-19
4.906,2004-02-20
4.8955,2004-02-23
4.8695,2004-02-24
4.8837,2004-02-25
4.8366,2004-02-26
4.8746,2004-02-27
4.9149,2004-03-01
4.8688,2004-03-02
4.8467,2004-03-03
4.8199,2004-03-04
4.8261,2004-03-05
4.815,2004-03-08
4.7971,2004-03-09
4.7537,2004-03-10
4.7744,2004-03-11
4.7646,2004-03-12
4.7398,2004-03-15
4.7193,2004-03-16
4.7286,2004-03-17
4.7405,2004-03-18
4.7343,2004-03-19
4.723,2004-03-22
4.7016,2004-03-23
4.702,2004-03-24
4.7043,2004-03-25
4.7585,2004-03-26
4.7528,2004-04-01
4.7509,2004-04-02
4.7194,2004-04-05
4.7273,2004-04-06
4.7181,2004-04-07
4.7397,2004-04-08
4.7289,2004-04-09
4.7333,2004-04-13
4.7441,2004-04-14
4.8139,2004-04-15
4.7894,2004-04-16
4.7759,2004-04-19
4.7744,2004-04-20
4.7436,2004-04-21
4.7497,2004-04-22
4.7648,2004-04-23
4.7595,2004-04-26
4.769,2004-04-27
4.7805,2004-04-28
4.7805,2004-05-04
4.7463,2004-05-05
4.7693,2004-05-06
4.7454,2004-05-07
4.7538,2004-05-10
4.7474,2004-05-11
4.7618,2004-05-12
4.7851,2004-05-13
4.7593,2004-05-14
4.7857,2004-05-17
4.753,2004-05-18
4.7098,2004-05-19
4.6921,2004-05-20
4.6939,2004-05-21
4.6649,2004-05-24
4.6426,2004-05-25
4.6721,2004-05-26
4.6555,2004-05-27
4.6648,2004-05-28
4.6507,2004-06-01
4.66,2004-06-02
4.6513,2004-06-03
4.65,2004-06-04
4.6573,2004-06-07
4.6014,2004-06-08
4.6004,2004-06-09
4.5898,2004-06-11
4.5571,2004-06-14
4.5654,2004-06-15
4.5729,2004-06-16
4.5714,2004-06-17
4.5787,2004-06-18
4.5819,2004-06-21
4.5993,2004-06-22
4.5804,2004-06-23
4.5543,2004-06-24
4.5671,2004-06-25
4.5444,2004-06-28
4.4998,2004-07-01
4.5152,2004-07-02
4.5211,2004-07-05
4.5283,2004-07-06
4.5209,2004-07-07
4.5305,2004-07-08
4.5379,2004-07-09
4.507,2004-07-12
4.4723,2004-07-13
4.4673,2004-07-14
4.4293,2004-07-15
4.4346,2004-07-16
4.4195,2004-07-19
4.4662,2004-07-20
4.4655,2004-07-21
4.4556,2004-07-22
4.4388,2004-07-23
4.4442,2004-07-26
4.4395,2004-07-27
4.4201,2004-07-28
4.3816,2004-08-02
4.4191,2004-08-03
4.4409,2004-08-04
4.4103,2004-08-05
4.393,2004-08-06
4.3761,2004-08-09
4.3833,2004-08-10
4.4344,2004-08-11
4.4148,2004-08-12
4.4561,2004-08-13
4.45,2004-08-16
4.4268,2004-08-17
4.4442,2004-08-18
4.4687,2004-08-19
4.4725,2004-08-20
4.4599,2004-08-23
4.4346,2004-08-24
4.4423,2004-08-25
4.4473,2004-08-26
4.478,2004-08-27
4.4462,2004-09-01
4.4393,2004-09-02
4.4263,2004-09-03
4.4113,2004-09-06
4.379,2004-09-07
4.3969,2004-09-08
4.3883,2004-09-09
4.4029,2004-09-10
4.3976,2004-09-13
4.3882,2004-09-14
4.3515,2004-09-15
4.3457,2004-09-16
4.3518,2004-09-17
4.3158,2004-09-20
4.3146,2004-09-21
4.3311,2004-09-22
4.3487,2004-09-23
4.3484,2004-09-24
4.3484,2004-09-27
4.3655,2004-09-28
4.3787,2004-10-01
4.3393,2004-10-04
4.3223,2004-10-05
4.3091,2004-10-06
4.3272,2004-10-07
4.3378,2004-10-08
4.3156,2004-10-11
4.2939,2004-10-12
4.3046,2004-10-13
4.294,2004-10-14
4.3095,2004-10-15
4.2888,2004-10-18
4.2918,2004-10-19
4.2986,2004-10-20
4.3123,2004-10-21
4.2968,2004-10-22
4.3125,2004-10-25
4.3638,2004-10-26
4.3492,2004-10-27
4.3414,2004-10-28
4.3113,2004-11-02
4.3093,2004-11-03
4.3081,2004-11-04
4.2943,2004-11-05
4.2784,2004-11-08
4.2673,2004-11-09
4.2603,2004-11-10
4.2883,2004-11-12
4.2733,2004-11-15
4.2635,2004-11-16
4.2665,2004-11-17
4.2421,2004-11-18
4.2578,2004-11-19
4.2237,2004-11-22
4.2124,2004-11-23
4.2106,2004-11-24
4.2185,2004-11-25
4.2222,2004-11-26
4.1827,2004-12-01
4.1607,2004-12-02
4.1778,2004-12-03
4.1725,2004-12-06
4.1802,2004-12-07
4.1847,2004-12-08
4.1718,2004-12-09
4.2271,2004-12-10
4.2009,2004-12-13
4.1903,2004-12-14
4.1653,2004-12-15
4.1644,2004-12-16
4.1532,2004-12-17
4.1244,2004-12-20
4.1093,2004-12-21
4.1001,2004-12-22
4.0832,2004-12-23
4.0808,2004-12-24
4.0817,2004-12-27
4.0518,2004-12-28
4.0778,2005-01-03
4.0714,2005-01-04
4.1334,2005-01-05
4.1232,2005-01-06
4.1079,2005-01-07
4.0746,2005-01-10
4.0686,2005-01-11
4.0683,2005-01-12
4.0908,2005-01-13
4.0703,2005-01-14
4.0751,2005-01-17
4.081,2005-01-18
4.0859,2005-01-19
4.1086,2005-01-20
4.0874,2005-01-21
4.0731,2005-01-24
4.065,2005-01-25
4.072,2005-01-26
4.0619,2005-01-27
4.0643,2005-01-28
4.054,2005-02-01
4.0583,2005-02-02
3.9854,2005-02-03
3.9851,2005-02-04
3.9597,2005-02-07
3.9688,2005-02-08
4.0062,2005-02-09
4.0004,2005-02-10
4.0352,2005-02-11
4.0189,2005-02-14
3.9865,2005-02-15
3.9765,2005-02-16
3.9971,2005-02-17
3.9925,2005-02-18
3.9848,2005-02-21
3.9688,2005-02-22
3.9582,2005-02-23
3.9428,2005-02-24
3.9123,2005-02-25
3.9119,2005-02-28
3.9028,2005-03-01
3.9122,2005-03-02
3.9233,2005-03-03
3.9278,2005-03-04
3.8839,2005-03-07
3.8869,2005-03-08
3.8862,2005-03-09
3.9633,2005-03-10
3.9559,2005-03-11
3.9802,2005-03-14
4.0019,2005-03-15
4.0687,2005-03-16
4.1248,2005-03-17
4.0614,2005-03-18
4.077,2005-03-21
4.0915,2005-03-22
4.125,2005-03-23
4.1284,2005-03-24
4.1218,2005-03-25
4.0834,2005-04-01
4.1164,2005-04-04
4.1288,2005-04-05
4.1075,2005-04-06
4.1038,2005-04-07
4.0971,2005-04-11
4.0878,2005-04-12
4.0732,2005-04-13
4.1172,2005-04-14
4.1318,2005-04-15
4.1678,2005-04-18
4.1984,2005-04-19
4.1725,2005-04-20
4.1729,2005-04-21
4.1949,2005-04-22
4.2063,2005-04-25
4.2002,2005-04-26
4.2382,2005-04-27
4.2477,2005-04-28
4.2709,2005-05-02
4.2342,2005-05-04
4.1793,2005-05-05
4.149,2005-05-06
4.1195,2005-05-09
4.1603,2005-05-10
4.1856,2005-05-11
4.1503,2005-05-12
4.1773,2005-05-13
4.2055,2005-05-16
4.2169,2005-05-17
4.2053,2005-05-18
4.1594,2005-05-19
4.1615,2005-05-20
4.1967,2005-05-23
4.1862,2005-05-24
4.1843,2005-05-25
4.1823,2005-05-27
4.1515,2005-06-01
4.1314,2005-06-02
4.1215,2005-06-03
4.092,2005-06-06
4.063,2005-06-07
4.065,2005-06-08
4.0375,2005-06-09
4.0255,2005-06-10
4.035,2005-06-13
4.0545,2005-06-14
4.0325,2005-06-15
4.0433,2005-06-16
4.0624,2005-06-17
4.0896,2005-06-20
4.0517,2005-06-21
4.0473,2005-06-22
4.0178,2005-06-23
4.0265,2005-06-24
4.0306,2005-06-27
4.0621,2005-06-28
4.0306,2005-07-01
4.0122,2005-07-04
4.0231,2005-07-05
4.0553,2005-07-06
4.1195,2005-07-07
4.0885,2005-07-08
4.0865,2005-07-11
4.1084,2005-07-12
4.1329,2005-07-13
4.1523,2005-07-14
4.1587,2005-07-15
4.1281,2005-07-18
4.1098,2005-07-19
4.1339,2005-07-20
4.1334,2005-07-21
4.1094,2005-07-22
4.1112,2005-07-25
4.1165,2005-07-26
4.1179,2005-07-27
4.0852,2005-07-28
4.0666,2005-08-01
4.0559,2005-08-02
4.0792,2005-08-03
4.0738,2005-08-04
4.0768,2005-08-05
4.0638,2005-08-08
4.0429,2005-08-09
4.033,2005-08-10
4.0332,2005-08-11
4.0331,2005-08-12
4.0361,2005-08-16
4.0252,2005-08-17
4.011,2005-08-18
4.018,2005-08-19
4.0331,2005-08-22
4.0203,2005-08-23
4.0118,2005-08-24
4.0538,2005-08-25
4.0576,2005-08-26
3.9818,2005-09-01
3.9747,2005-09-02
3.9398,2005-09-05
3.9525,2005-09-06
3.9142,2005-09-07
3.9308,2005-09-08
3.9542,2005-09-09
3.9363,2005-09-12
3.9337,2005-09-13
3.9379,2005-09-14
3.8911,2005-09-15
3.8936,2005-09-16
3.896,2005-09-19
3.8913,2005-09-20
3.9033,2005-09-21
3.9065,2005-09-22
3.9083,2005-09-23
3.9123,2005-09-26
3.8935,2005-09-27
3.9059,2005-09-28
3.9158,2005-10-03
3.9322,2005-10-04
3.9293,2005-10-05
3.9311,2005-10-06
3.9384,2005-10-07
3.8838,2005-10-10
3.8693,2005-10-11
3.8763,2005-10-12
3.902,2005-10-13
3.934,2005-10-14
3.903,2005-10-17
3.8886,2005-10-18
3.8899,2005-10-19
3.898,2005-10-20
3.9045,2005-10-21
3.9045,2005-10-24
3.9268,2005-10-25
3.936,2005-10-26
3.9993,2005-10-27
3.99,2005-10-28
3.9629,2005-11-02
3.9685,2005-11-03
3.9751,2005-11-04
4.022,2005-11-07
4.0264,2005-11-08
3.9944,2005-11-09
4.026,2005-11-10
3.9958,2005-11-14
4.001,2005-11-15
3.9776,2005-11-16
3.9804,2005-11-17
3.976,2005-11-18
3.98,2005-11-21
3.9705,2005-11-22
3.9515,2005-11-23
3.924,2005-11-24
3.9174,2005-11-25
3.9102,2005-11-28
3.9318,2005-12-01
3.8814,2005-12-02
3.8594,2005-12-05
3.833,2005-12-06
3.842,2005-12-07
3.8628,2005-12-08
3.8652,2005-12-09
3.8511,2005-12-12
3.8223,2005-12-13
3.8321,2005-12-14
3.8456,2005-12-15
3.8731,2005-12-16
3.8704,2005-12-19
3.8431,2005-12-20
3.8348,2005-12-21
3.8333,2005-12-22
3.8404,2005-12-23
3.833,2005-12-27
3.8403,2005-12-28
3.861,2006-01-02
3.8618,2006-01-03
3.8451,2006-01-04
3.8008,2006-01-05
3.8094,2006-01-06
3.775,2006-01-09
3.779,2006-01-10
3.7793,2006-01-11
3.7933,2006-01-12
3.8085,2006-01-13
3.8062,2006-01-16
3.8146,2006-01-17
3.8643,2006-01-18
3.8388,2006-01-19
3.85,2006-01-20
3.8502,2006-01-23
3.8457,2006-01-24
3.8115,2006-01-25
3.8299,2006-01-26
3.831,2006-01-27
3.8064,2006-02-01
3.8273,2006-02-02
3.83,2006-02-03
3.8175,2006-02-06
3.8219,2006-02-07
3.8254,2006-02-08
3.8173,2006-02-09
3.7898,2006-02-10
3.7911,2006-02-13
3.7972,2006-02-14
3.7837,2006-02-15
3.764,2006-02-16
3.7641,2006-02-17
3.7565,2006-02-20
3.7769,2006-02-21
3.8065,2006-02-22
3.7854,2006-02-23
3.7849,2006-02-24
3.7671,2006-02-27
3.7726,2006-02-28
3.7756,2006-03-01
3.7693,2006-03-02
3.8058,2006-03-03
3.8157,2006-03-06
3.8574,2006-03-07
3.8695,2006-03-08
3.8749,2006-03-09
3.8905,2006-03-10
3.8952,2006-03-13
3.939,2006-03-14
3.8788,2006-03-15
3.878,2006-03-16
3.8319,2006-03-17
3.8874,2006-03-20
3.8967,2006-03-21
3.9217,2006-03-22
3.8937,2006-03-23
3.9051,2006-03-24
3.8917,2006-03-27
3.9435,2006-03-28
3.925,2006-04-03
3.9407,2006-04-04
3.9789,2006-04-05
3.987,2006-04-06
3.9665,2006-04-07
3.9584,2006-04-10
3.9524,2006-04-11
3.9203,2006-04-12
3.9354,2006-04-13
3.9325,2006-04-14
3.9265,2006-04-18
3.8998,2006-04-19
3.8941,2006-04-20
3.887,2006-04-21
3.864,2006-04-24
3.8641,2006-04-25
3.8848,2006-04-26
3.8665,2006-04-27
3.874,2006-04-28
3.8583,2006-05-02
3.8229,2006-05-04
3.8212,2006-05-05
3.823,2006-05-08
3.829,2006-05-09
3.8459,2006-05-10
3.8194,2006-05-11
3.87,2006-05-12
3.931,2006-05-15
3.925,2006-05-16
3.875,2006-05-17
3.9487,2006-05-18
3.939,2006-05-19
3.959,2006-05-22
3.9622,2006-05-23
3.9646,2006-05-24
3.944,2006-05-25
3.9272,2006-05-26
3.9414,2006-06-01
3.9236,2006-06-02
3.9536,2006-06-05
3.9629,2006-06-06
3.949,2006-06-07
3.9567,2006-06-08
3.952,2006-06-09
3.9801,2006-06-12
4.0298,2006-06-13
4.0176,2006-06-14
4.035,2006-06-16
4.0414,2006-06-19
4.059,2006-06-20
4.0788,2006-06-21
4.0673,2006-06-22
4.1062,2006-06-23
4.1065,2006-06-26
4.0676,2006-06-27
4.0823,2006-06-28
4.0503,2006-07-03
4.007,2006-07-04
4.0246,2006-07-05
4.0509,2006-07-06
4.0263,2006-07-07
4.0493,2006-07-10
4.0275,2006-07-11
4.0267,2006-07-12
4.0553,2006-07-13
4.039,2006-07-14
4.0394,2006-07-17
4.0321,2006-07-18
4.0209,2006-07-19
3.9572,2006-07-20
3.9511,2006-07-21
3.9585,2006-07-24
3.9228,2006-07-25
3.9244,2006-07-26
3.9117,2006-07-27
3.9265,2006-07-28
3.936,2006-08-01
3.9365,2006-08-02
3.9177,2006-08-03
3.908,2006-08-04
3.8724,2006-08-07
3.8723,2006-08-08
3.8673,2006-08-09
3.8635,2006-08-10
3.8675,2006-08-11
3.8667,2006-08-14
3.881,2006-08-16
3.8658,2006-08-17
3.8869,2006-08-18
3.9178,2006-08-21
3.907,2006-08-22
3.8986,2006-08-23
3.9218,2006-08-24
3.9315,2006-08-25
3.9323,2006-08-28
3.955,2006-09-01
3.967,2006-09-04
3.9687,2006-09-05
3.9628,2006-09-06
3.9885,2006-09-07
3.984,2006-09-08
3.9835,2006-09-11
3.9819,2006-09-12
3.969,2006-09-13
3.9635,2006-09-14
3.9638,2006-09-15
3.9426,2006-09-18
3.96,2006-09-19
3.9473,2006-09-20
3.9488,2006-09-21
3.984,2006-09-22
3.9715,2006-09-25
3.965,2006-09-26
3.9748,2006-09-27
3.9824,2006-09-28
3.9745,2006-10-02
3.9581,2006-10-03
3.9448,2006-10-04
3.9348,2006-10-05
3.9333,2006-10-06
3.919,2006-10-09
3.9092,2006-10-10
3.9,2006-10-11
3.9182,2006-10-12
3.893,2006-10-13
3.879,2006-10-16
3.8888,2006-10-17
3.9041,2006-10-18
3.8878,2006-10-19
3.861,2006-10-20
3.8624,2006-10-23
3.8719,2006-10-24
3.888,2006-10-25
3.8826,2006-10-26
3.8779,2006-10-27
3.8608,2006-11-02
3.867,2006-11-03
3.827,2006-11-06
3.8294,2006-11-07
3.8317,2006-11-08
3.837,2006-11-09
3.8433,2006-11-10
3.8281,2006-11-13
3.8212,2006-11-14
3.8085,2006-11-15
3.8011,2006-11-16
3.8019,2006-11-17
3.8083,2006-11-20
3.7958,2006-11-21
3.8036,2006-11-22
3.82,2006-11-23
3.8315,2006-11-24
3.8308,2006-11-27
3.8355,2006-11-28
3.7982,2006-12-01
3.8138,2006-12-04
3.8092,2006-12-05
3.805,2006-12-06
3.815,2006-12-07
3.835,2006-12-08
3.8165,2006-12-11
3.8106,2006-12-12
3.8,2006-12-13
3.8014,2006-12-14
3.79,2006-12-15
3.7938,2006-12-18
3.8026,2006-12-19
3.814,2006-12-20
3.8003,2006-12-21
3.8163,2006-12-22
3.8383,2006-12-27
3.8368,2006-12-28
3.8279,2007-01-02
3.827,2007-01-03
3.8455,2007-01-04
3.8935,2007-01-05
3.8754,2007-01-08
3.8635,2007-01-09
3.8898,2007-01-10
3.8771,2007-01-11
3.8785,2007-01-12
3.8728,2007-01-15
3.877,2007-01-16
3.8914,2007-01-17
3.8787,2007-01-18
3.849,2007-01-19
3.8395,2007-01-22
3.863,2007-01-23
3.8825,2007-01-24
3.8785,2007-01-25
3.9208,2007-01-26
3.901,2007-02-01
3.9068,2007-02-02
3.8842,2007-02-05
3.871,2007-02-06
3.8629,2007-02-07
3.8744,2007-02-08
3.8888,2007-02-09
3.9065,2007-02-12
3.918,2007-02-13
3.91,2007-02-14
3.898,2007-02-15
3.909,2007-02-16
3.9017,2007-02-19
3.888,2007-02-20
3.8954,2007-02-21
3.88,2007-02-22
3.8834,2007-02-23
3.8945,2007-02-26
3.9139,2007-02-27
3.9175,2007-02-28
3.9026,2007-03-01
3.8995,2007-03-02
3.917,2007-03-05
3.903,2007-03-06
3.9007,2007-03-07
3.888,2007-03-08
3.8795,2007-03-09
3.8699,2007-03-12
3.8853,2007-03-13
3.9031,2007-03-14
3.8926,2007-03-15
3.9065,2007-03-16
3.8778,2007-03-19
3.8735,2007-03-20
3.8762,2007-03-21
3.87,2007-03-22
3.8764,2007-03-23
3.8683,2007-03-26
3.8718,2007-03-27
3.889,2007-03-28
3.8623,2007-04-02
3.8515,2007-04-03
3.8509,2007-04-04
3.842,2007-04-05
3.8415,2007-04-06
3.842,2007-04-10
3.8279,2007-04-11
3.8331,2007-04-12
3.841,2007-04-13
3.8248,2007-04-16
3.8231,2007-04-17
3.808,2007-04-18
3.8151,2007-04-19
3.7941,2007-04-20
3.7797,2007-04-23
3.788,2007-04-24
3.7838,2007-04-25
3.7746,2007-04-26
3.78,2007-04-27
3.7698,2007-05-02
3.7465,2007-05-04
3.7479,2007-05-07
3.7495,2007-05-08
3.7636,2007-05-09
3.747,2007-05-10
3.7844,2007-05-11
3.761,2007-05-14
3.7767,2007-05-15
3.7815,2007-05-16
3.7897,2007-05-17
3.7909,2007-05-18
3.776,2007-05-21
3.7735,2007-05-22
3.7964,2007-05-23
3.7966,2007-05-24
3.8113,2007-05-25
3.804,2007-05-28
3.813,2007-06-01
3.794,2007-06-04
3.805,2007-06-05
3.8216,2007-06-06
3.8485,2007-06-08
3.8365,2007-06-11
3.8278,2007-06-12
3.8451,2007-06-13
3.823,2007-06-14
3.812,2007-06-15
3.8007,2007-06-18
3.8066,2007-06-19
3.7835,2007-06-20
3.7935,2007-06-21
3.7865,2007-06-22
3.7883,2007-06-25
3.7939,2007-06-26
3.806,2007-06-27
3.777,2007-06-28
3.7598,2007-07-02
3.7578,2007-07-03
3.7609,2007-07-04
3.7647,2007-07-05
3.773,2007-07-06
3.7505,2007-07-09
3.7655,2007-07-10
3.7735,2007-07-11
3.7573,2007-07-12
3.7443,2007-07-13
3.751,2007-07-16
3.7535,2007-07-17
3.7615,2007-07-18
3.7508,2007-07-19
3.7552,2007-07-20
3.766,2007-07-23
3.7586,2007-07-24
3.7858,2007-07-25
3.8057,2007-07-26
3.8095,2007-07-27
3.8125,2007-08-01
3.797,2007-08-02
3.7833,2007-08-03
3.7916,2007-08-06
3.7855,2007-08-07
3.774,2007-08-08
3.7735,2007-08-09
3.7775,2007-08-10
3.7755,2007-08-13
3.7842,2007-08-14
3.8277,2007-08-16
3.8345,2007-08-17
3.825,2007-08-20
3.8474,2007-08-21
3.8375,2007-08-22
3.832,2007-08-23
3.838,2007-08-24
3.8306,2007-08-27
3.8328,2007-08-28
3.8209,2007-09-03
3.8255,2007-09-04
3.8208,2007-09-05
3.8195,2007-09-06
3.812,2007-09-07
3.8075,2007-09-10
3.7946,2007-09-11
3.7736,2007-09-12
3.7756,2007-09-13
3.7816,2007-09-14
3.7835,2007-09-17
3.7859,2007-09-18
3.773,2007-09-19
3.7706,2007-09-20
3.7666,2007-09-21
3.7627,2007-09-24
3.768,2007-09-25
3.7788,2007-09-26
3.778,2007-09-27
3.7775,2007-09-28
3.768,2007-10-01
3.7685,2007-10-02
3.769,2007-10-03
3.774,2007-10-04
3.765,2007-10-05
3.7534,2007-10-08
3.7555,2007-10-09
3.7464,2007-10-10
3.7474,2007-10-11
3.731,2007-10-12
3.7187,2007-10-15
3.719,2007-10-16
3.7095,2007-10-17
3.7078,2007-10-18
3.6792,2007-10-19
3.6835,2007-10-22
3.6566,2007-10-23
3.6555,2007-10-24
3.6436,2007-10-25
3.6247,2007-10-26
3.6467,2007-11-02
3.6446,2007-11-05
3.6339,2007-11-06
3.6238,2007-11-07
3.6419,2007-11-08
3.6235,2007-11-09
3.639,2007-11-12
3.6469,2007-11-13
3.6345,2007-11-14
3.6648,2007-11-15
3.672,2007-11-16
3.667,2007-11-19
3.6848,2007-11-20
3.686,2007-11-21
3.6855,2007-11-22
3.6855,2007-11-23
3.6754,2007-11-26
3.6912,2007-11-27
3.6649,2007-11-28
3.6195,2007-12-03
3.6169,2007-12-04
3.6075,2007-12-05
3.5818,2007-12-06
3.5865,2007-12-07
3.5739,2007-12-10
3.5699,2007-12-11
3.5773,2007-12-12
3.582,2007-12-13
3.6017,2007-12-14
3.6235,2007-12-17
3.6162,2007-12-18
3.6159,2007-12-19
3.623,2007-12-20
3.618,2007-12-21
3.6115,2007-12-24
3.6168,2007-12-27
3.6062,2007-12-28
3.5975,2008-01-02
3.6125,2008-01-03
3.6075,2008-01-04
3.601,2008-01-07
3.6008,2008-01-08
3.594,2008-01-09
3.593,2008-01-10
3.581,2008-01-11
3.5825,2008-01-14
3.5735,2008-01-15
3.595,2008-01-16
3.5977,2008-01-17
3.625,2008-01-18
3.6395,2008-01-21
3.6577,2008-01-22
3.628,2008-01-23
3.6225,2008-01-24
3.6135,2008-01-25
3.6245,2008-01-28
3.6025,2008-02-01
3.567,2008-02-04
3.5748,2008-02-05
3.5905,2008-02-06
3.5979,2008-02-07
3.6185,2008-02-08
3.6229,2008-02-11
3.612,2008-02-12
3.5987,2008-02-13
3.587,2008-02-14
3.5902,2008-02-15
3.5793,2008-02-18
3.5759,2008-02-19
3.5838,2008-02-20
3.5761,2008-02-21
3.5725,2008-02-22
3.563,2008-02-25
3.5318,2008-02-26
3.5395,2008-02-27
3.5219,2008-02-28
3.5356,2008-03-03
3.5221,2008-03-04
3.529,2008-03-05
3.5379,2008-03-06
3.5702,2008-03-07
3.57,2008-03-10
3.5458,2008-03-11
3.528,2008-03-12
3.5445,2008-03-13
3.5307,2008-03-14
3.5613,2008-03-17
3.542,2008-03-18
3.537,2008-03-19
3.5333,2008-03-20
3.5336,2008-03-21
3.528,2008-03-25
3.5346,2008-03-26
3.526,2008-03-27
3.527,2008-03-28
3.511,2008-04-01
3.4949,2008-04-02
3.4815,2008-04-03
3.4828,2008-04-04
3.4639,2008-04-07
3.4689,2008-04-08
3.458,2008-04-09
3.452,2008-04-10
3.42,2008-04-11
3.4295,2008-04-14
3.4118,2008-04-15
3.4095,2008-04-16
3.4305,2008-04-17
3.4295,2008-04-18
3.4258,2008-04-21
3.4178,2008-04-22
3.4074,2008-04-23
3.4182,2008-04-24
3.4352,2008-04-25
3.4416,2008-04-28
3.4518,2008-05-02
3.44,2008-05-05
3.4385,2008-05-06
3.4285,2008-05-07
3.4217,2008-05-08
3.4054,2008-05-09
3.3945,2008-05-12
3.3846,2008-05-13
3.3934,2008-05-14
3.401,2008-05-15
3.3884,2008-05-16
3.3827,2008-05-19
3.393,2008-05-20
3.3836,2008-05-21
3.4095,2008-05-23
3.4044,2008-05-26
3.4015,2008-05-27
3.3973,2008-05-28
3.3836,2008-06-02
3.3745,2008-06-03
3.3763,2008-06-04
3.3708,2008-06-05
3.389,2008-06-06
3.3923,2008-06-09
3.3785,2008-06-10
3.3734,2008-06-11
3.3863,2008-06-12
3.3915,2008-06-13
3.387,2008-06-16
3.3852,2008-06-17
3.3765,2008-06-18
3.3685,2008-06-19
3.3662,2008-06-20
3.3657,2008-06-23
3.3635,2008-06-24
3.3585,2008-06-25
3.3585,2008-06-26
3.3694,2008-06-27
3.3543,2008-07-01
3.3558,2008-07-02
3.3559,2008-07-03
3.3273,2008-07-04
3.3155,2008-07-07
3.3052,2008-07-08
3.2841,2008-07-09
3.2736,2008-07-10
3.269,2008-07-11
3.2564,2008-07-14
3.2602,2008-07-15
3.2301,2008-07-16
3.2245,2008-07-17
3.2205,2008-07-18
3.2146,2008-07-21
3.223,2008-07-22
3.2603,2008-07-23
3.237,2008-07-24
3.206,2008-07-25
3.208,2008-07-28
3.217,2008-08-01
3.21,2008-08-04
3.2192,2008-08-05
3.2305,2008-08-06
3.246,2008-08-07
3.26,2008-08-08
3.259,2008-08-11
3.2835,2008-08-12
3.269,2008-08-13
3.3137,2008-08-14
3.3335,2008-08-18
3.3355,2008-08-19
3.3083,2008-08-20
3.316,2008-08-21
3.3022,2008-08-22
3.3127,2008-08-25
3.312,2008-08-26
3.3275,2008-08-27
3.3485,2008-08-28
3.336,2008-09-01
3.3553,2008-09-02
3.367,2008-09-03
3.38,2008-09-04
3.4325,2008-09-05
3.4674,2008-09-08
3.4677,2008-09-09
3.467,2008-09-10
3.4106,2008-09-11
3.3595,2008-09-12
3.3618,2008-09-15
3.3861,2008-09-16
3.3363,2008-09-17
3.371,2008-09-18
3.3163,2008-09-19
3.275,2008-09-22
3.3099,2008-09-23
3.3094,2008-09-24
3.334,2008-09-25
3.3575,2008-09-26
3.3775,2008-10-01
3.4025,2008-10-02
3.4188,2008-10-03
3.437,2008-10-06
3.4515,2008-10-07
3.4923,2008-10-08
3.4161,2008-10-09
3.5548,2008-10-10
3.5484,2008-10-13
3.4959,2008-10-14
3.5304,2008-10-15
3.5506,2008-10-16
3.5653,2008-10-17
3.5515,2008-10-20
3.5962,2008-10-21
3.7139,2008-10-22
3.8212,2008-10-23
3.9262,2008-10-24
3.8275,2008-10-27
3.7128,2008-10-28
3.5565,2008-11-03
3.5498,2008-11-04
3.5046,2008-11-05
3.5603,2008-11-06
3.6474,2008-11-07
3.6427,2008-11-10
3.7693,2008-11-12
3.7502,2008-11-13
3.7348,2008-11-14
3.7277,2008-11-17
3.8623,2008-11-18
3.8444,2008-11-19
3.862,2008-11-20
3.7984,2008-11-21
3.8824,2008-11-24
3.8411,2008-11-25
3.7888,2008-11-26
3.7578,2008-11-27
3.7572,2008-11-28
3.8432,2008-12-01
3.834,2008-12-02
3.8457,2008-12-03
3.8824,2008-12-04
3.8881,2008-12-05
3.8686,2008-12-08
3.9323,2008-12-09
3.9589,2008-12-10
3.9703,2008-12-11
3.9689,2008-12-12
3.9804,2008-12-15
4.0489,2008-12-16
4.0834,2008-12-17
4.174,2008-12-18
4.1132,2008-12-19
4.1037,2008-12-22
4.1176,2008-12-23
4.1025,2008-12-24
4.1721,2009-01-02
4.1137,2009-01-05
4.0613,2009-01-06
3.917,2009-01-07
4.0159,2009-01-08
4.0478,2009-01-09
4.0344,2009-01-12
4.1435,2009-01-13
4.1368,2009-01-14
4.2256,2009-01-15
4.1522,2009-01-16
4.3113,2009-01-19
4.328,2009-01-20
4.3305,2009-01-21
4.3094,2009-01-22
4.3957,2009-01-23
4.3863,2009-01-26
4.3214,2009-01-27
4.3789,2009-01-28
4.4366,2009-02-02
4.5147,2009-02-03
4.6747,2009-02-04
4.6455,2009-02-05
4.5634,2009-02-06
4.5475,2009-02-09
4.4774,2009-02-10
4.5318,2009-02-11
4.598,2009-02-12
4.6393,2009-02-13
4.7687,2009-02-16
4.8324,2009-02-17
4.8999,2009-02-18
4.6801,2009-02-19
4.7715,2009-02-20
4.7085,2009-02-23
4.678,2009-02-24
4.659,2009-02-25
4.7068,2009-02-26
4.6578,2009-02-27
4.7483,2009-03-02
4.7443,2009-03-03
4.7432,2009-03-04
4.6955,2009-03-05
4.7493,2009-03-06
4.7266,2009-03-09
4.7297,2009-03-10
4.605,2009-03-11
4.6197,2009-03-12
4.4833,2009-03-13
4.494,2009-03-16
4.4653,2009-03-17
4.5313,2009-03-18
4.5352,2009-03-19
4.6446,2009-03-20
4.5748,2009-03-23
4.5308,2009-03-24
4.5555,2009-03-25
4.5593,2009-03-26
4.5883,2009-03-27
4.6462,2009-04-01
4.4895,2009-04-02
4.4523,2009-04-03
4.4135,2009-04-06
4.5101,2009-04-07
4.5039,2009-04-08
4.4408,2009-04-09
4.3635,2009-04-10
4.3856,2009-04-14
4.2351,2009-04-15
4.2965,2009-04-16
4.2848,2009-04-17
4.3592,2009-04-20
4.4289,2009-04-21
4.4212,2009-04-22
4.4147,2009-04-23
4.4763,2009-04-24
4.538,2009-04-27
4.5678,2009-04-28
4.3913,2009-05-04
4.3513,2009-05-05
4.3933,2009-05-06
4.3362,2009-05-07
4.3511,2009-05-08
4.3724,2009-05-11
4.3998,2009-05-12
4.3943,2009-05-13
4.4757,2009-05-14
4.4762,2009-05-15
4.4773,2009-05-18
4.3821,2009-05-19
4.3573,2009-05-20
4.4079,2009-05-21
4.4016,2009-05-22
4.4135,2009-05-25
4.4386,2009-05-26
4.4313,2009-05-27
4.4876,2009-05-28
4.4447,2009-06-01
4.4846,2009-06-02
4.4872,2009-06-03
4.5048,2009-06-04
4.5365,2009-06-05
4.5353,2009-06-08
4.5118,2009-06-09
4.4729,2009-06-10
4.4615,2009-06-12
4.5009,2009-06-15
4.5373,2009-06-16
4.5153,2009-06-17
4.5462,2009-06-18
4.5444,2009-06-19
4.5037,2009-06-22
4.5518,2009-06-23
4.5476,2009-06-24
4.5166,2009-06-25
4.5073,2009-06-26
4.4157,2009-07-01
4.3719,2009-07-02
4.3731,2009-07-03
4.384,2009-07-06
4.3712,2009-07-07
4.4241,2009-07-08
4.3577,2009-07-09
4.3711,2009-07-10
4.4045,2009-07-13
4.3613,2009-07-14
4.2906,2009-07-15
4.2994,2009-07-16
4.3184,2009-07-17
4.3006,2009-07-20
4.2681,2009-07-21
4.2703,2009-07-22
4.2443,2009-07-23
4.2139,2009-07-24
4.1626,2009-07-27
4.1726,2009-07-28
4.1178,2009-08-03
4.1035,2009-08-04
4.109,2009-08-05
4.1363,2009-08-06
4.1688,2009-08-07
4.1053,2009-08-10
4.1319,2009-08-11
4.2046,2009-08-12
4.1206,2009-08-13
4.119,2009-08-14
4.1942,2009-08-17
4.1755,2009-08-18
4.18,2009-08-19
4.1395,2009-08-20
4.1241,2009-08-21
4.1163,2009-08-24
4.0996,2009-08-25
4.0883,2009-08-26
4.1277,2009-08-27
4.0854,2009-08-28
4.1025,2009-09-01
4.1823,2009-09-02
4.1387,2009-09-03
4.1221,2009-09-04
4.1249,2009-09-07
4.0969,2009-09-08
4.1095,2009-09-09
4.1699,2009-09-10
4.1858,2009-09-11
4.2461,2009-09-14
4.164,2009-09-15
4.1501,2009-09-16
4.1204,2009-09-17
4.1447,2009-09-18
4.1498,2009-09-21
4.1565,2009-09-22
4.1742,2009-09-23
4.178,2009-09-24
4.2114,2009-09-25
4.2268,2009-09-28
4.2228,2009-10-01
4.254,2009-10-02
4.2165,2009-10-05
4.178,2009-10-06
4.1937,2009-10-07
4.2351,2009-10-08
4.264,2009-10-09
4.2602,2009-10-12
4.2215,2009-10-13
4.209,2009-10-14
4.1958,2009-10-15
4.2078,2009-10-16
4.1988,2009-10-19
4.1759,2009-10-20
4.1518,2009-10-21
4.1956,2009-10-22
4.179,2009-10-23
4.1721,2009-10-26
4.2013,2009-10-27
4.254,2009-10-28
4.25,2009-11-02
4.2907,2009-11-03
4.2662,2009-11-04
4.268,2009-11-05
4.2437,2009-11-06
4.2245,2009-11-09
4.2043,2009-11-10
4.142,2009-11-12
4.1135,2009-11-13
4.1008,2009-11-16
4.0967,2009-11-17
4.0909,2009-11-18
4.1288,2009-11-19
4.1485,2009-11-20
4.1201,2009-11-23
4.121,2009-11-24
4.1143,2009-11-25
4.1341,2009-11-26
4.1808,2009-11-27
4.1264,2009-12-01
4.1044,2009-12-02
4.0954,2009-12-03
4.0946,2009-12-04
4.066,2009-12-07
4.0725,2009-12-08
4.1266,2009-12-09
4.1437,2009-12-10
4.139,2009-12-11
4.141,2009-12-14
4.1667,2009-12-15
4.2028,2009-12-16
4.1818,2009-12-17
4.1806,2009-12-18
4.1862,2009-12-21
4.1857,2009-12-22
4.1729,2009-12-23
4.1654,2009-12-24
4.1606,2009-12-28
